spearman,pearson,mae,rmse,auroc_deleterious,auprc_deleterious,balanced_accuracy_deleterious,top10_enrichment_improvers,fold,n_test,n_complexes_test
0.5175511280377564,0.5529457028772222,0.8288271500295339,1.2281439301420682,0.790176969036098,0.6492278979822217,0.7237420204911515,3.2824799721351443,1,992,65
0.4782464884062582,0.40800679334076934,0.9804013927699597,1.623511205471118,0.771022282686015,0.6138618568317216,0.7009909837814767,2.926029526029526,2,991,64
0.6019851549210411,0.6336032637323581,1.0007434557424855,1.437966376562694,0.8198221712927596,0.7512779843874001,0.7245331465919701,5.788974078130705,3,991,64
0.5109677716058054,0.45156450575006146,1.0134967600866502,1.450773538528872,0.7599921060285013,0.6880296819326935,0.7052287174373675,3.526285583103765,4,991,64
0.6317792822544425,0.6044750292088501,1.1417040658793478,1.6201023763985252,0.8362168680629045,0.8349736841940782,0.7475389461767529,2.6194656848862454,5,991,63
